client_id,client_name,email,city
1,Jessica Christian,nicole86@hotmail.com,New Sherriton
2,Jeffrey Ruiz II,gjones@carroll.com,Barbaraburgh
3,David Robbins,ggarcia@mason.com,Lake Davidton
4,Christy Montgomery,nelsonbobby@davis.org,Lake Jesse
5,Dana Gomez,rochachristine@ball-williams.com,Tamaraberg
6,Ronnie Mayo,ariddle@gmail.com,Danielville
7,Mary Ray,andrea00@francis.org,Scottport
8,Justin George,brian82@hall.com,Lake Caleb
9,Patrick Kaufman,jdouglas@yahoo.com,West Carl
10,Dr. Jamie Todd DVM,rosalesanthony@ramirez.com,Barronville
11,Becky Smith,sandra06@hotmail.com,Kingchester
12,Christine Taylor,zbaldwin@gmail.com,Brianbury
13,Monica Lamb,adriansmith@adams.com,Lake Mark
14,Donald Sullivan,jason88@bell-perry.biz,West Cristianfort
15,Chad Patton,johnferguson@yahoo.com,New Davidmouth
16,Erin Keller,linda62@hayes.com,East Eric
17,Martin Jones,rclark@gmail.com,Thomaschester
18,Jason Cowan,ejohnson@gmail.com,Cookberg
19,Brian Bush,williamsryan@johnson-ryan.biz,Adamchester
20,Thomas Christensen,kimberly72@hotmail.com,Wellsside
21,Brenda Watson,twhite@wright-gonzalez.com,Teresamouth
22,Cindy Johnson,autumn51@ross-martinez.net,Hardingport
23,Dan Espinoza,patrick96@aguilar.com,Hillburgh
24,Gina Raymond,caroline21@harper.com,Whitakerville
25,Traci Phelps,yolandayang@gmail.com,West Brandon
26,Miss Regina Ward,leejohn@brooks.org,New Emily
27,Phyllis Wilkinson,xcarlson@wheeler.com,Daniellemouth
28,Andrew Nicholson,regina25@hotmail.com,Nicholasfort
29,John Bell,michaelanderson@smith.info,Natashaberg
30,Brandon Griffin,lisa71@gmail.com,Amymouth
31,Timothy Herrera,erin45@smith-quinn.com,Samuelport
32,Heather Zimmerman,james44@hotmail.com,Martinezberg
33,Alicia Smith,owilliams@hotmail.com,East Amberburgh
34,Zachary Martinez,cobrien@adkins.com,Davidbury
35,Steven Juarez,sonya19@ball.com,Smithborough
36,Lisa Brown,xbaker@duarte-erickson.com,Samanthaburgh
37,Brent Wilcox,valeriebyrd@glover.org,North Stephanietown
38,Paul Hernandez,uthomas@gmail.com,West Roberthaven
39,Helen Wood,jharper@alexander.com,Mileston
40,Robert Santos,pamela85@yahoo.com,Jacquelineshire
41,Daniel Stevens,alison36@perez.com,Justinburgh
42,Jennifer Webb,dianamora@yahoo.com,West Brandonton
43,Cassandra Wolfe,ljohnson@yahoo.com,North Stephanieside
44,Catherine Henry,robersonkristen@gonzalez-krueger.com,North Timothy
45,Edward Miller,mperez@gmail.com,Lake Karen
46,Eric Dennis,james35@smith-watts.biz,New Stephanieside
47,Aaron Garcia,alanmalone@yahoo.com,Perrychester
48,Steven Gordon,hpowell@evans-thomas.com,Port Caitlyn
49,Nicole Roach,clarkestacy@hotmail.com,North Lisa
50,Amy Martin,jkramer@hotmail.com,Haleyton
